group,model,acc,f1,auc
balanced(agent=human),LogReg,0.87289972899729,0.932137172623354,0.570902969518399
balanced(agent=human),RF,0.8674796747967479,0.9289553973558041,0.6093582956729192
